Car Model,Car Make,VIN,Year,Owner Name,Company
323,Mazda,SCFAB05D59G943212,1994,Harlin Rainer,
Caravan,Dodge,1G6AB5RA7E0510380,2006,Ileane Burberye,
Legacy,Subaru,19UUA8F38DA305133,1999,Susannah Britian,Harber and Sons
Elantra,Hyundai,2G4GN5EK6C9397999,1996,Kalle Tresvina,"Kuphal, Stamm and Schiller"
Electra,Buick,YV126MFC3F1032342,1988,Bert Reuben,
300SE,Mercedes-Benz,WUAGNAFG4CN022992,1993,Althea Fleckno,"Herzog, Hessel and Stanton"
Blazer,Chevrolet,3C6TD5FT4CG095637,1996,Arlana Hamblin,Yost and Sons
Express 2500,Chevrolet,1G6DM1ED8B0137703,1997,Raynor Swiffen,
Land Cruiser,Toyota,WBA3R1C56EK393429,1997,Berget Whapples,Effertz-Deckow
Colt,Dodge,1C6RD6FKXCS246867,1989,Lindsay Brattell,
Continental GT,Bentley,5BZAF0AA8EN414664,2007,Morgun Adlington,Vandervort-Emmerich
Spectra,Kia,3VWKP7AJ2CM142448,2009,Hamlin Bisp,
911,Porsche,W04GR5EC7B1616855,1992,Osbourn Kobus,"Crona, McKenzie and Keeling"
2500,GMC,5UXZV4C53BL599984,1993,Ivan Ledrane,
Acclaim,Plymouth,1C4RJEAG5EC830802,1994,Laughton Porker,
G-Class,Mercedes-Benz,SCFAD01A55G804133,2006,Page Palfrie,"Douglas, Lehner and Jacobi"
Yukon XL 1500,GMC,WAUDF78E86A165447,2000,Reagen Sambiedge,
Thunderbird,Ford,1NXBU4EE1AZ134451,2005,Codi Hurrell,
TrailBlazer,Chevrolet,1GYS4GEF9BR112842,2002,Prescott Brittin,
Express 3500,Chevrolet,3VWML7AJ3DM006755,2000,Morgen Swanne,
Sierra 2500,GMC,1G4GD5GD2BF779440,2011,Adelbert Rousel,
Passat,Volkswagen,YV1612FH2D1494081,1985,Dermot Pietroni,
Spirit,Dodge,1FMEU7DE4AU283790,1992,Dionisio Padson,
Skylark,Buick,WDDHF2EB2DA733650,1989,Kris Elderfield,
Grand Marquis,Mercury,5N1AA0NC3FN700722,2000,Daron Lanphere,
Express 1500,Chevrolet,1G4GC5ER4DF233159,2003,Thalia Gillies,
Fairlane,Ford,WAUHE98P39A714056,1967,Shannon Gabbat,Schmitt-Wyman
Chariot,Mitsubishi,JTHBB1BA0B2802889,1991,Regina Rubanenko,
R-Class,Mercedes-Benz,1FADP3E27DL143708,2008,Kori Naden,
4Runner,Toyota,1FTMF1C81AK098269,2012,Denise Coulthurst,
Journey,Dodge,3N1AB7AP6FL996129,2009,Penrod Snazle,
Colorado,Chevrolet,3FADP4AJ6FM400510,2005,Fidela Mapledorum,
Grand Caravan,Dodge,WAULH64B21N269364,2002,Walsh Gerok,"Bechtelar, Schuster and Hilll"
C-Class,Mercedes-Benz,WDDJK6FA8FF970630,1997,Dirk Sanson,
Yukon,GMC,SCBBP9ZA6AC257073,1997,Paula Leving,
Coachbuilder,Buick,5TFAW5F10FX455947,1995,Corly Lesser,
Sequoia,Toyota,WAUD2AFD5DN394404,2009,Zorana Ottey,
Swift,Suzuki,WAUXD68D42A287981,1998,Keeley Mesant,"Thiel, Jones and Ziemann"
Jimmy,GMC,JN1AJ0HP1AM465094,1995,Carleton Rennels,
Dakota Club,Dodge,WBSBL93452J851705,2002,Oralle Astell,
Corvette,Chevrolet,1GTN1TEX9BZ104687,1961,Etti Beasant,Jenkins Inc
900,Saab,1G6KY54901U279938,1997,Abbott Laxe,Donnelly Group
Ranger,Ford,WAUHFAFL5BN896078,1994,Angelina Ennals,
2500,GMC,1G6DU6EV3A0672412,1997,Morry Brissenden,Crist Group
Lumina APV,Chevrolet,JM1NC2MFXE0237061,1993,Alastair MacAnellye,Corwin LLC
Diablo,Lamborghini,WBA6B8C51ED900199,2001,Hasty Harg,
Regal,Buick,SCBGU3ZA0DC741983,2012,Lurlene Carsey,
Corvette,Chevrolet,1GYFK43808R636772,1970,Abby Agott,Cole LLC
525,BMW,1G4GC5GR1DF101148,2004,Cornall Ronchka,Gutkowski Inc
Suburban 1500,GMC,JTJBM7FX8E5538480,1995,Blinni Ferrao,
Grand Marquis,Mercury,JTHBL5EF1B5922761,1989,Elliott De Fraine,Koch-Raynor
Charger,Dodge,JTHBL5EF0F5843233,2011,Malena O'Bradane,
Freestyle,Ford,1J4NF1FB2BD099218,2006,Wolf Piddletown,
280ZX,Nissan,1G6KF54985U636844,1979,Lev Favela,
Altima,Nissan,WAUEH64B21N934112,2004,Annissa Parkinson,
Grand Prix,Pontiac,1G4HR54K44U413079,1969,Mercie Callendar,
Rally Wagon 3500,GMC,SALME1D46AA635668,1994,Marlowe Tewkesbury,
Magnum,Dodge,2G4WD582491835971,2007,Fern Woltman,
Ram Wagon B150,Dodge,1N6AF0KY3FN621232,1993,Otho Durward,
SM,Citroën,JH4CU2F65CC194373,1972,Piper Phelipeaux,Zieme and Sons
Ram Van 3500,Dodge,SCBDC47L99C919154,2002,Anni Kopec,
Highlander,Toyota,19UUA75557A993500,2011,Zaccaria Sambiedge,"Goodwin, Goyette and Hartmann"
Precis,Mitsubishi,5N1CR2MN7EC182527,1992,Jemimah Shoard,
Tempo,Ford,WBASN2C56DC474520,1991,Douglas Dyzart,
Clubman,MINI,WAULFAFR8AA235178,2011,Jorge Harget,"Howell, Hilpert and Langosh"
Galant,Mitsubishi,5GAKVBED7CJ729999,2002,Ivy Ruos,
350Z Roadster,Nissan,WA1CMBFP2FA765936,2006,Prentiss Alyukin,
XLR-V,Cadillac,1N6AA0EC7FN931592,2008,Gale Eldrid,
R8,Audi,5UXZV4C51DL903512,2008,Elinore Skellington,
Sedona,Kia,WUAUUAFG9F7056117,2007,Aviva Brampton,"Maggio, Kiehn and Hagenes"
MR2,Toyota,SCFEBBBC5AG255997,1986,Kiersten Nesbeth,
CTS-V,Cadillac,1GYUKJEF1AR223573,2012,Jojo Yves,"Mertz, Schamberger and Leuschke"
Grand Marquis,Mercury,WAUFFAFC2EN780851,2006,Letitia Pretley,
Lumina,Chevrolet,WAUML54D61N200398,1994,Eachelle Hamflett,
Neon,Dodge,1GYUKCEF7AR837393,1997,Vernice Tidman,Wunsch Group
Probe,Ford,2G61N5S31D9975695,1996,Barth Kittow,
Park Avenue,Buick,2C3CCAPGXDH974023,1997,Lenette Tomala,
Tracer,Mercury,WBSBR93421E777813,1994,Angel Pyford,
Town Car,Lincoln,WBASN4C55AC811668,1990,Jordain Kaminski,
Explorer Sport Trac,Ford,WAUGFAFR8EA522897,2008,Herrick Lippitt,
Roadmaster,Buick,1G6AR5SX0E0828173,1992,Cristal Massow,
Fairlane,Ford,WBADN53413G695855,1966,Agnella Lotwich,
xA,Scion,WAUEF78E08A330379,2006,Wendye Robic,Ruecker-Kerluke
F150,Ford,3MZBM1K71FM521325,2000,Carrol Sapir,
Jimmy,GMC,WAUEG94F66N147890,1995,Brose Bebbell,
CL-Class,Mercedes-Benz,5TDBK3EH6CS783393,1999,Arney Guidone,McLaughlin-Moen
Carrera GT,Porsche,1FTEW1CMXDF508940,2005,Bryon Spinige,
i-Series,Isuzu,WAUWFAFL4AA107707,2007,Ursa McColl,
Justy,Subaru,1N6AF0LX1FN193036,1988,Derwin Hurren,
Yukon XL 1500,GMC,2C3CDXEJXFH246168,2002,Leelah Bilbie,
Topaz,Mercury,WA1CV74L89D066792,1989,Zelig Russilll,"Littel, Schiller and Hudson"
Grand Marquis,Mercury,JN1AZ4EH4DM361099,2007,Opaline Gionettitti,
Crown Victoria,Ford,5N1CR2MN2EC584021,2003,Olivette Filpi,"Waelchi, Williamson and Rau"
3 Series,BMW,JN8AF5MR3FT474934,1997,Pamella Klugel,
Intrepid,Dodge,WAUAF68E15A257978,2000,Fiann Irving,
645,BMW,WBAXA5C50FD427189,2005,Alyosha Hillyatt,
Phantom,Rolls-Royce,3D7LP2ETXBG601850,2012,Garrik Desorts,"Parker, Dach and Batz"
Explorer Sport,Ford,1GD11ZCG2CF929523,2003,Gail Mapis,
Avalanche,Chevrolet,SCBLE47K19C532417,2011,Morly Ilchuk,"Blanda, Gleichner and Zulauf"
XL-7,Suzuki,5FPYK1F21BB405257,2005,Teddi Karslake,"Runolfsdottir, Mohr and Upton"
Tiburon,Hyundai,JTJBM7FX2A5943549,2001,Guss Hallsworth,
Bravada,Oldsmobile,WAUMF98K49A597023,1992,Christiano Fache,Bogan and Sons
Town Car,Lincoln,2HNYD2H45CH157687,1986,Anne Birney,
Astra,Saturn,WAULD64B93N995303,2009,Mano Thomen,
3500,Chevrolet,WA1CMAFP0EA855076,1992,Claudette Milvarnie,
F450,Ford,2C3CCAKT2CH462792,2008,Ambrosi Oleksinski,
Esprit,Lotus,WBSDX9C5XCE869679,1985,Andeee Skirrow,
Grand Marquis,Mercury,1G6AR5S33F0452745,1984,Cesya Cathee,
Imperial,Chrysler,WDDHF2EB3DA478863,1926,Karalee Elington,Kilback Group
Range Rover,Land Rover,WA1BY94L58D680910,1992,Lucita Enrique,
SX4,Suzuki,2G4WE587671979169,2008,Selle Gower,Skiles and Sons
Tacoma,Toyota,TRURD38J891143625,2001,Krystalle Talks,"O'Conner, Harber and O'Kon"
5000S,Audi,1G6YV36A085178739,1988,Rubetta Johansen,Gerlach LLC
Ram 2500,Dodge,SCFAD01AX8G938897,2005,Devan Killich,
Supra,Toyota,5N1AN0NW6EN743738,1994,Moses Heijne,
Suburban 1500,Chevrolet,WAUMGAFL2AA791872,2004,Galina Cordeiro,
Firefly,Pontiac,WAUHGBFC3DN962424,1990,Carolyn Whitear,
Celica,Toyota,1GD312CG4EF978127,1976,Antonio Jolly,"Balistreri, Weissnat and Beahan"
Bonneville,Pontiac,WAUJFAFH3EN473288,2003,Daron Ast,
SLK-Class,Mercedes-Benz,WAUCD54B14N238410,2003,Arvy Lanston,
911,Porsche,4JGCB2FE1BA970700,1989,Justen McCrossan,
RX,Lexus,3G5DB03E73S798956,2002,Sydney McParlin,
7 Series,BMW,3N1CN7AP7FL055238,2004,Juline Suttie,
Avalanche 2500,Chevrolet,5GAKRBKD3EJ141612,2005,Cahra Kohneke,
F250,Ford,1FTEW1CM0DF306169,1998,Burton MacTerrelly,
350Z,Nissan,SALVP2BG6FH685356,2006,Isadora Storror,
Grand Prix,Pontiac,1G6YV36A385499044,1962,Wilt Blewis,"Beer, Schulist and Bartoletti"
Thunderbird,Ford,1C4NJPBA3DD306089,1986,Dena Threadgall,
Eclipse,Mitsubishi,WBAKG7C52DE408817,2001,Maxim Marlen,
Rogue,Nissan,WBAEA5C55AC044189,2009,Gratia Breffit,
Ciera,Oldsmobile,YV1952AS5D1961546,1994,Selle Casburn,"Conroy, Graham and Klocko"
Navigator,Lincoln,1FTEW1C8XFF620871,2012,Reeba Besnard,
Safari,GMC,5J6TF1H57FL903250,1998,Junie Leaves,
Corvette,Chevrolet,JN1AZ4EH5EM809030,1989,Audry Prangle,
Camry,Toyota,1G4GA5GRXDF772839,2007,Erasmus Passingham,"Denesik, Rosenbaum and Thiel"
Tribute,Mazda,KMHDB8AE5BU593866,2008,Sigismond Balmer,"Wunsch, Kuhic and Green"
Continental,Lincoln,3D73Y3CL1BG096366,1986,Coraline Hook,
Regal,Buick,KMHHT6KD8AU427302,1986,Mercie Langelaan,"Emmerich, Jacobson and Dach"
5 Series,BMW,1G6KP5ES3BU128114,2012,Byram Brammer,
Continental,Lincoln,WAUVT58E65A365095,1999,Tamqrah Tschierse,Dibbert LLC
RAV4,Toyota,WA1CMAFE2CD275614,2008,Lauren Trawin,
Diablo,Lamborghini,SCFAB01A96G728648,2000,Tremain Vaggs,"Olson, Ortiz and Yundt"
Chariot,Mitsubishi,3C4PDCDG4FT135361,1989,Maurine O'Doherty,
Montana,Pontiac,19UUA86209A335273,2002,Quillan Gimenez,
Ram Van 2500,Dodge,WBAGN83595D581615,2003,Earlie Benedicto,
Ram 3500,Dodge,5GAKRDED2CJ284278,1996,Wat Hughill,
Mariner,Mercury,WAUMGAFL3CA469244,2011,Hamil Malkinson,
Express,Chevrolet,WBAPM7G52AN222098,2010,Brandi Lyffe,"Swift, Feest and Bode"
Aurora,Oldsmobile,3VWML7AJXEM545634,1995,Zach Bownass,
Santa Fe,Hyundai,19UUA75587A330132,2012,Esther Soitoux,
Bravada,Oldsmobile,1N6AA0CA6DN692664,2001,Cornie Rooper,"D'Amore, McCullough and Okuneva"
600,BMW,JTHFE2C27B2596802,1959,Eolanda Addis,
Corvette,Chevrolet,WBALW3C53FC973897,2009,Donny Wooddisse,
Galant,Mitsubishi,1FTEW1CM1DK439174,1988,Lillis Olerenshaw,
760,BMW,1GYS4BEF3ER754304,2006,Lisa Islip,
9-5,Saab,2HNYD18216H998130,2001,Urban Grisbrook,
Allante,Cadillac,WBABD33474P785415,1993,Ninette Fearnsides,
Acadia,GMC,KMHHT6KD4AU925254,2011,Karmen Boneham,
Tempest,Pontiac,1G6DW677360757525,1965,Agna Skerratt,
CL-Class,Mercedes-Benz,WAUDF78E95A041914,2003,Conway Waadenburg,
Relay,Saturn,5N1CR2MN4EC266725,2005,Desmund Desaur,Bernhard-Towne
TL,Acura,3D73M3CL7BG407424,2006,Ludwig Dickins,
SLK-Class,Mercedes-Benz,1G4GF5G3XFF030117,1997,Lek Bader,
MKZ,Lincoln,WAUYGAFC5DN574296,2007,Maurita Pearcy,
Forester,Subaru,2C3CCAEG9DH993908,2000,Penny Wickey,
Tundra,Toyota,1FTMF1C80AK206204,2002,Iosep Sheldon,
Biturbo,Maserati,1GD12XEG1FF711687,1985,Valentin Radolf,
Suburban 1500,Chevrolet,WBAEJ13482A460234,2006,Tate Darkins,
Civic GX,Honda,3C3CFFER8CT386183,2003,Arluene Boller,Feil Inc
Precis,Mitsubishi,3N1CN7AP3DL578477,1990,Kristopher Banyard,
H3T,Hummer,WBAYF8C53DD530644,2009,Roselle Routley,"Haag, Spinka and Bauch"
Prelude,Honda,WBANA53565B831888,1998,Boniface Huband,
Envoy XL,GMC,5N1AA0NE7EN352083,2006,Astra Grog,
Odyssey,Honda,WBAXG5C52CD606098,1997,Morgen Josephsen,Conn Inc
F350,Ford,1C4RDJDG9CC700837,2007,Carolina Guilder,
Monterey,Mercury,1FMEU6DE8AU498762,2006,Guinevere Maffioletti,Barton Inc
6 Series,BMW,1G6AS5S35E0573666,1989,Byrann Bycraft,
XC60,Volvo,1G6AB5S34F0283629,2011,Latrena Deme,McGlynn Inc
Legacy,Subaru,3VW507AT8FM420261,2000,Shurlock Elwin,
GS,Lexus,2C3CA6CT1BH814969,1998,Berenice Prandin,
Galant,Mitsubishi,WVGAV3AX1EW961161,1997,Immanuel Mahaddy,
Azure,Bentley,1G6AB5SX8F0615008,2007,Gerek Nardi,
Escort,Ford,JN8CS1MW4EM592485,1987,Joanie Artois,
Mirage,Mitsubishi,1GYUCKEF8AR993496,1995,Curry Revening,
F150,Ford,1G4GA5GC0BF761406,2011,Bailie Petit,Heaney Inc
Riviera,Buick,JN8CS1MU3EM035405,1992,Deloria Amer,
IS-F,Lexus,3N1AB6AP7AL826591,2011,Suzi Kimbly,"Erdman, Bogisich and Corwin"
Roadmaster,Buick,JTDKTUD39ED276415,1994,Melisenda Driffield,
Chariot,Mitsubishi,SCFEBBCF2BG514178,1994,Harriet Mundle,
Explorer,Ford,WAUML54B12N037613,2010,Harlen Feetham,Barton Inc
Accord,Honda,WAUDH74F88N668738,1997,Brigg Pirrey,
Quattroporte,Maserati,3D7TP2CT4AG921473,2008,Jaquelin Oliveti,
300CE,Mercedes-Benz,5J8TB3H59EL932505,1993,Noak Purveys,
Bonneville,Pontiac,WBAUN1C59DV145964,1968,Sarine Keppy,Schimmel-Jacobson
3 Series,BMW,WAUAF78E15A701561,2008,Fairleigh Gardner,
Forester,Subaru,5GADX23L15D450420,2010,Juan Margrem,
A4,Audi,WAUKF98E98A552773,2005,Pete Ransome,
SJ,Suzuki,SAJWJ1CD5F8188019,1992,Jolynn Cuckoo,
LaCrosse,Buick,1N6AD0CU8FN847879,2010,Leeland Genn,
Mighty Max Macro,Mitsubishi,WBA5B3C59FD449314,1993,Mile Heaney,Sporer LLC
Veracruz,Hyundai,1FTEW1CFXFF011309,2011,Danny Henriques,
Sonic,Chevrolet,1N6BF0KM8FN169537,2012,Agatha Middleweek,
H3,Hummer,WBA3N5C5XFK920151,2006,Farrel Cottle,
Mountaineer,Mercury,WAUBFAFL2FA110725,2006,Jammie Swainson,
90,Audi,1FTSW2A58AE587644,1994,Stephannie Schuler,Stanton Inc
G-Series 2500,Chevrolet,5UXKR2C5XF0050736,1996,Barde Cosbey,
Phantom,Rolls-Royce,1G6KF57953U689493,2007,Karen Barents,
H2 SUV,Hummer,WVWED7AJXBW115327,2006,Fletcher Greenslade,Koepp-Ward
Sidekick,Suzuki,1GYS3BEF1DR240016,1991,Hermy Tester,"Johns, Borer and Block"
Camry,Toyota,1D7RV1CPXBS798947,2005,Carmelle Hacking,
RX,Lexus,KL4CJESB5EB860603,2003,Alena Laxson,
Sonata,Hyundai,WBAVM1C55DV748711,1998,Shena Caesar,
Canyon,GMC,JTEBU5JR5B5638382,2012,Fancy Torry,
Murano,Nissan,WAUDH78E07A774947,2009,Shauna Mowlam,
Blazer,Chevrolet,WBAYB6C51FD421327,1996,Dehlia Frediani,"Aufderhar, Denesik and Kautzer"
Safari,Pontiac,JH4KA96653C987847,1988,Lew Bollen,
Odyssey,Honda,1G4GF5G32CF592489,1998,Jard Kadar,
3 Series,BMW,1FTSX2A58AE063360,1994,Katlin Toms,
Camaro,Chevrolet,3D73M3HL0BG209955,1977,Torie Winship,"Collier, Rolfson and Quigley"
Expedition,Ford,WBANE73566C522479,2005,Kate Cadalleder,
California,Ferrari,1G6DK8ED3B0535576,2010,Gerri McKeown,
VUE,Saturn,1FTFW1E84AF388133,2005,Farah Quoit,
Silhouette,Oldsmobile,1N6AF0LY3EN878341,1996,Fran Rizzi,
Wrangler,Jeep,1G6AR5SX5F0395953,2011,Freddy Pisco,"Tillman, Johnston and Wuckert"
Colt Vista,Plymouth,3D73Y4HL2AG948060,1992,Karlens Hundall,
Bonneville,Pontiac,WBANE735X7C530232,1990,Manfred MacMeeking,
88,Oldsmobile,WVWAP7AN8EE524073,1999,Margo Ritchie,
Accord,Honda,WAUCFAFC7EN039081,1992,Tracy Southward,
Range Rover,Land Rover,WBAFU7C52BD614734,1989,Papagena Davidzon,
Escape,Ford,3D4PH9FG0BT303885,2007,Kean Goodnow,
Taurus,Ford,3C4PDDBGXCT118424,1990,Rhett Badder,
Caravan,Dodge,WAUMV94E49N648385,2009,Norina Borres,
Tundra,Toyota,1C4RDJDGXEC185348,2005,Melloney Robus,
Sierra 3500,GMC,WBAYP9C54ED556139,2010,Zora Papez,
CL-Class,Mercedes-Benz,5TFCW5F11DX194267,2009,Delaney Abberley,Windler-Rutherford
Ram 1500,Dodge,1G6DL1E3XC0409471,2008,Kore Mackneis,
E-Class,Mercedes-Benz,1G6DG5EG6A0066024,1988,Edgar Biernat,
Aztek,Pontiac,WBA3V5C56EJ156660,2001,Janela Piet,
Town & Country,Chrysler,3VW467AT9CM030825,1996,Artemas Prozillo,
9-3,Saab,3N1AB6AP9AL106063,2012,Annabell Kerbey,
Kizashi,Suzuki,1G6DM5EG6A0412632,2012,Tate Gyrgorwicx,
Crown Victoria,Ford,WA1YD64B12N952821,1997,Nathanael Batter,
SC,Lexus,SALFR2BG5DH824596,2003,Tobey Napoleone,
DTS,Cadillac,SCFAD01A18G402341,2006,Rick Shannon,
Yukon XL 2500,GMC,WAUEF98E17A116513,2006,Merill Friend,
Cooper Clubman,MINI,19XFB2E59DE339759,2010,Brade Masdon,
Eclipse,Mitsubishi,TRUUT28N511828454,1994,Hoebart Gurko,
Silverado 2500,Chevrolet,5N1AA0NC9EN898740,2003,Karrie Sleight,"Sauer, Wiegand and Orn"
Explorer,Ford,1G6KF57901U795511,2011,Olivia Monkton,
Flex,Ford,KMHEC4A49DA147483,2009,Fielding Knappen,
Continental,Lincoln,KM8JT3AB3BU520830,2001,Akim Edensor,
XC90,Volvo,5TDBKRFH5FS438703,2007,Leoine Hutchison,
Daewoo Lacetti,Suzuki,JA32X8HW5AU896381,2006,Pierette Marieton,
Park Avenue,Buick,WBANU53509B197846,2002,Herschel Guilleton,
Sierra,GMC,WAULC58E55A191396,2008,Darcy Ide,
Sierra 1500,GMC,2C3CA2CV2AH225826,2008,Pietra Yeudall,
Discovery,Land Rover,WAUCH74F69N308624,1998,Heath Wolfindale,
2500,GMC,WAUEH74F07N729860,1993,Jermain Bispham,Olson LLC
90,Audi,2LMHJ5ARXAB264191,1990,Brynne Ossipenko,
Challenger,Mitsubishi,JN1AY1ARXDM541011,1999,Penny Hendrix,
A4,Audi,SCFAD01A17G721057,2006,Roxanne Trembey,
Firebird,Pontiac,WA1YD54B82N269332,1986,Bobina Ciric,
GS,Lexus,WVGAV7AX5AW797057,1993,Mitchell Lakenden,Feest Group
Highlander,Toyota,5NMSG3AB2AH555135,2011,Chris Drews,
Challenger,Mitsubishi,3VWKZ8AJ7BM610639,2003,Lara Wanklin,
LS,Lexus,1FTSW2A52AE272628,2007,Jethro Hitcham,
Lancer Evolution,Mitsubishi,WAUMK98KX9N229482,2006,Tamra Lardnar,
Trans Sport,Pontiac,5FNRL3H28AB060634,1996,Lucky Leadstone,
Sable,Mercury,WAUZL54BX1N084871,1995,Rae Pinchbeck,Olson-Simonis
Firefly,Pontiac,3VW4S7AT1EM949880,1984,Tallulah De Mattei,
Colorado,Chevrolet,JN1EY1AP0DM382600,2007,Toinette Kemston,
Forester,Subaru,JN1BY1AP4EM976997,2001,Vaughan Doy,Jacobi-Runolfsson
XL-7,Suzuki,WBABD334X5P011094,2001,Edwin Spadaro,
Camry,Toyota,YV140MAM8F1820396,1994,Nike Le Port,
Golf,Volkswagen,3D4PG9FV8AT838222,2004,Denys Jeffcoate,
Pajero,Mitsubishi,2G4GT5GX7F9004448,1995,Devlen Szymonwicz,
Tercel,Toyota,1FTWF3C52AE415680,1996,Caitrin Bonnefin,
Mustang,Ford,WAUGL98E76A148351,1983,Fran Tarbet,
Skyhawk,Buick,WBA3V5C5XFP663981,1984,Neille Attenborrow,
Defender 90,Land Rover,1C4AJWAGXCL132511,1997,Daron Ahlf,
Ranger,Ford,3C3CFFAR6CT205555,2002,Allx Freschini,
4000s,Audi,YV1902AH7E1217757,1985,Paloma Giovanardi,
Spectra,Kia,WAUML64BX2N895474,2006,Cammi Joseland,
Truck,Mitsubishi,3GYFNAEY7AS325295,1993,Hardy Denyakin,Pfeffer Inc
Bonneville,Pontiac,JHMGE8G28AS134183,1993,Concettina McPhillips,
Nitro,Dodge,WAUHFBFL7DN622826,2008,Chancey Bothen,
IS F,Lexus,YV1612FS3E2399472,2010,Nico Chastanet,
Taurus,Ford,19XFB4F27EE598848,2005,Mable Simmings,Kuhic and Sons
Savana 3500,GMC,5FNYF3H30FB826391,2009,Erminia Margaritelli,
Grand Marquis,Mercury,WBADX7C5XCE556673,1991,Hope Carlisi,
Continental Mark VII,Lincoln,JM1NC2JF5F0216785,1988,Kirsti Southerill,
Reventón,Lamborghini,WAUDH98E26A839372,2008,Frederick Tanton,
Q,Infiniti,WA1LFBFP9EA687664,1994,Joell Alphege,
Town Car,Lincoln,WP0AB2A97FS145511,1992,Drew Meeson,
Tiguan,Volkswagen,3D73M3HL6AG966289,2012,Izabel Henkmann,
3 Series,BMW,1GYUCFEJ9AR391170,2003,Sayre Potteril,
Range Rover,Land Rover,WBA6B4C53FD573699,2008,Flori Backman,
626,Mazda,1FTSX2B57AE969269,1997,Margaretta Jodlkowski,
2500,GMC,WBSWL93598P895867,1994,Tedd Mowen,
Sportvan G20,Chevrolet,JTHBB1BA1C2458829,1995,Kaleena Wixey,
Sprinter,Mercedes-Benz,WAUKH74F37N295727,2010,Melisandra Tysack,Douglas-Emard
Suburban 1500,Chevrolet,WAUVFAFH2CN093065,1997,Paule McMichell,
Exige,Lotus,WBAWB73578P707391,2006,Teddi Murtell,
Yaris,Toyota,SCBLF44J99C994362,2007,Corrine Rowena,
Express 1500,Chevrolet,WAUDFAFL1DA275722,2011,Frances Clyne,Schaden-Rohan
Cavalier,Chevrolet,JTHBE5C2XC5163197,2003,Alvera Duns,
Jetta,Volkswagen,WBAAV53491J210297,2008,Nobie Downes,
599 GTB Fiorano,Ferrari,1C3CCBHG7CN520872,2008,Zolly Salery,"Waelchi, Kiehn and Murazik"
900,Saab,WA1EY74L78D553285,1987,Kirby Housiaux,"Carter, Fisher and Jast"
Eldorado,Cadillac,5N1AA0ND1EN926717,1994,Rossy Stickford,
Impreza,Subaru,1GYFK43599R847525,2008,Roxy Simnell,
Grand Prix,Pontiac,WAU4FBFL0AA046871,1983,Pedro Birtwistle,
Expedition EL,Ford,WAUHFAFLXEN880205,2010,Kent Haysham,
Mystique,Mercury,1VWAH7A31EC832092,1995,Donni Pallaske,
Canyon,GMC,WBA3A5C55EF798446,2004,Stephenie Labes,
Tribute,Mazda,WBA3K5C50FK055957,2009,Chelsey Fullun,
T100,Toyota,1G6DG5EY0B0440573,1997,Gerald Labuschagne,
9-5,Saab,1D7RW3BK5BS179820,2006,Robin Michin,Herman LLC
Prius,Toyota,1G6DJ1ED3B0139674,2009,Nomi Hanes,
xB,Scion,5N1AA0NC6AN118221,2009,Lemuel Alliker,
S-Series,Saturn,1FMCU0F74DU316272,1994,Raimund Morrice,
Th!nk,Ford,WVGAV7AX5BW944818,2000,Erminia Barts,
MKT,Lincoln,1G6DP8EV4A0402334,2011,Cordey Mauger,Schulist-Trantow
X-Type,Jaguar,WP1AA2AP6AL838599,2003,Bud Kolin,
SL-Class,Mercedes-Benz,WAUED54B21N325592,1994,Rusty Fourcade,
Thunderbird,Ford,WAUBT48H45K622840,1992,Durward Tummons,
Town & Country,Chrysler,KMHCT4AE9FU960131,2000,Sara Hails,
Courier,Ford,JN1CV6FE0FM010343,1989,Max Roubottom,Jacobs LLC
Canyon,GMC,WAUAH98E68A076746,2010,Adolf Chessil,
Escape,Ford,19UUA65584A043492,2007,Charissa Panting,Jast Group
Caravan,Dodge,JM3TB2BVXE0119202,2010,Carolan Goater,
Quattroporte,Maserati,WBAVA33588K543606,2012,Ashbey Mumberson,
G,Infiniti,SCFEBBAK9BG123089,2002,Janek Spens,
GS,Lexus,WBAWC7C53AP090834,2003,Marieann Brightey,
Econoline E250,Ford,5N1AN0NU5BC783332,2002,Eve O'Dowd,Upton-Waelchi
Avalon,Toyota,WAUGL78E17A499326,2012,Simeon Rivlin,
H2 SUV,Hummer,WAUEH78E57A727482,2006,Dame Lippiett,
Spirit,Dodge,1GD22XEG1FZ686213,1995,Pattie Greensmith,
Interceptor,Jensen,1GYUCKEF4AR727554,1966,Claiborne Crosher,
MR2,Toyota,WP0AA2A92CS740541,2004,Willyt Fellgatt,Barton Group
Expedition,Ford,SCFAB42311K224981,1997,Raddie Pinch,
Grand Prix,Pontiac,JA4AD3A32FZ119427,1995,Ransom Hallgarth,
Savana 1500,GMC,WBA3V9C57F5021107,2002,Duane Thon,
Viper,Dodge,WBA3B1C51DK735047,1996,Richmound Bowers,"Cummings, Wiza and Raynor"
Jetta III,Volkswagen,4JGBF2FB1AA807792,1993,Fielding Statton,
Ascender,Isuzu,1GD22ZCG9DZ269143,2009,Benjy Berns,
DB9,Aston Martin,3C3CFFFH6DT193571,2010,Judas Richardin,
Tracker,Chevrolet,WAUPFAFM5CA439266,2002,Eldredge Golthorpp,
Equinox,Chevrolet,3C6JR6CTXDG576111,2012,Amitie Taberer,
S4,Audi,WAUBG78E66A064332,2009,Hailey Camous,"Gorczany, Herman and Durgan"
VS Commodore,Holden,1G6KD57Y74U395155,1996,Row Drezzer,Kuhic-Mayer
Vandura 1500,GMC,1GYS4KEF7DR743501,1994,Alley Caulkett,Sporer-Johnson
Compass,Jeep,JH4KA96604C249634,2012,Iggie Willerson,Hagenes LLC
F150,Ford,5UMDU93477L056899,1997,Hunfredo Reckhouse,
E150,Ford,3VW507AT0FM809945,2003,Veronike Capron,
Mountaineer,Mercury,1GD12ZCGXCF877751,2000,Belinda Dominy,
Century,Buick,JM1GJ1U55F1107202,1997,Lidia Weekly,
Sprinter 2500,Mercedes-Benz,3C6TD4MT5CG922106,2011,Tisha Doonican,
B2500,Mazda,WBAYF8C59ED751635,2001,Annalise Loreit,
Ram 3500,Dodge,WBAGG83421D460601,1994,Carry Fownes,
A6,Audi,3C63DPML6CG471771,2003,Tobiah Rosettini,
Town Car,Lincoln,JM3KE2BE4F0482728,2000,Andrey Belsey,
Windstar,Ford,5N1AN0NU4BC722358,2004,Jemie Kelinge,
Express 2500,Chevrolet,3N1AB6AP2CL752290,1997,Cherish Kiljan,
Quest,Nissan,1FMHK7B84CG369120,2012,Caritta Chadband,
C8,Spyker,2C3CDXHG2EH753385,2005,Jaine Patchett,Smitham-Hodkiewicz
A6,Audi,1G4GF5G37EF322290,2005,Chalmers Bullus,
Wrangler,Jeep,2G4GS5EV0D9958900,2008,Julio Burbidge,
Vision,Eagle,1GD01ZEG0BF661854,1995,Aurelie Labram,
Taurus,Ford,2V4RW3DG1BR753615,1994,Kaye Band,
Prelude,Honda,5GAKVCKD2EJ421023,1995,Rosella Rogeron,
Grand Prix,Pontiac,2G4WE567551642069,1995,Chaunce Kobiela,
Vibe,Pontiac,WA1CMAFEXCD130742,2006,Staffard Elsay,Bosco-O'Hara
Nuova 500,Fiat,WVGEF9BP2ED609170,2012,Kenny Clem,
Maxima,Nissan,1G6KD57Y58U133818,1995,Libbi Etuck,
Aveo,Chevrolet,WAUKD98P27A555245,2009,Mattheus Eivers,
CL-Class,Mercedes-Benz,1FMJK1F57DE146078,2004,Adan Genders,
Tempo,Ford,WBAKE5C56BE691150,1984,Issy Bedinham,Bradtke-Medhurst
750,BMW,SCBEC9ZA5EC511080,2006,Dylan Esmonde,
RL,Acura,1GD02ZCGXCZ371136,2001,Anatola Cartmill,"Cummings, Bartoletti and Marvin"
Montana,Pontiac,1HGCR6F51EA376377,2002,Lelia Reddlesden,Kassulke Group
Eclipse,Mitsubishi,3C3CFFER5FT583705,1995,Uriah Payne,
Envoy,GMC,JN8AF5MR4DT622795,2002,Carlene Bison,
Rodeo,Isuzu,KMHHT6KD2AU556183,2000,Starr Stanion,
Endeavor,Mitsubishi,3VWJP7AT3CM915747,2004,Dom Wankel,Bosco-Lakin
RX-8,Mazda,1GKS2GEJ4DR283246,2010,Emelita Remnant,"Beier, Gleichner and Mueller"
GTO,Mitsubishi,2T1KE4EE5CC250558,1995,Murdock Roff,"Cartwright, Pacocha and Rau"
Genesis,Hyundai,WBAWL73517P487337,2011,Freddie MacAlees,"Schmidt, Hoppe and Carter"
Laser,Plymouth,1FTSW3A58AE451245,1991,Torie Luce,"Ankunding, Raynor and Lowe"
600,BMW,3LN6L2G98FR620620,1958,Brittan Borrow,
Frontier,Nissan,WBA5B3C50FD125345,2000,Carmelia Ramsay,
911,Porsche,1G6KD54Y33U043709,1988,Galvin Feasey,
Montana,Pontiac,WAULVBFR7CA222255,2003,Gwendolin Feldmark,
Suburban 1500,Chevrolet,2C3CDYCJ4CH898174,1999,Yanaton Bremner,
Camry,Toyota,WAUDH48H19K777992,1993,Lionel Brimman,
Taurus,Ford,3GTU2YEJ2BG424483,2011,Emmeline Masdin,Kling-Rogahn
Precis,Mitsubishi,1FMEU2DE5AU248775,1990,Sandro Kopelman,
Yukon XL 2500,GMC,1FTMF1EW5AF301460,2005,Nesta Slee,
CX,Citroën,1GKS1HE03CR214465,1974,Kiel Brodnecke,
924,Porsche,5UXWX7C55E0118623,1988,Clevey Mitie,Huels Group
Magnum,Dodge,WA1VFBFL8EA149317,2006,Calida Vlach,Terry-Ratke
Justy,Subaru,KNALN4D71E5994615,1993,Mair Andresen,
Mazdaspeed 3,Mazda,1G6KD54Y93U350835,2007,Lay Rablan,"O'Conner, Will and Schulist"
Tundra,Toyota,1G6DZ67A290201293,2010,Wolfie Abbatini,
Aerostar,Ford,WAUSF98E97A365449,1994,Beniamino Lobley,
SL-Class,Mercedes-Benz,1GKUCGEJXAR829677,2005,Sybila Shackel,
Sierra 3500,GMC,1FAHP3GN3AW879189,2011,Wilburt Mapes,Maggio-Beahan
Rendezvous,Buick,SCFLDCFP5EG311060,2002,Ronica Lempel,
Eclipse,Mitsubishi,2C4RDGDGXFR376831,2012,Lidia Cleaver,
Ram 2500 Club,Dodge,1N4CL2AP8AC396177,1998,Maegan Vallentine,
S4,Audi,WA1EY74L99D466344,2002,Codie Gue,
Land Cruiser,Toyota,JTDKN3DU6A0665883,2004,Camille Sumption,Lakin-Will
Eclipse,Mitsubishi,WAUPEBFM9DA622566,2011,Yorgo Rycroft,Murphy-Schumm
Cooper,MINI,19XFB4F29DE667473,2007,Von Mac,Abshire Inc
Galant,Mitsubishi,1FADP5CUXFL655174,2006,Lenora Saffell,
CR-V,Honda,1FADP3E28EL678497,2010,Marmaduke De Bernardis,
S6,Audi,WBANB33565B411954,2007,Nevile Elkin,"Hand, Kertzmann and Hickle"
Mountaineer,Mercury,1G6DC5E57C0067437,2005,Caterina De Cleen,
Range Rover,Land Rover,WAUFFBFLXCN348608,2004,Dulcie Reddyhoff,
XJ Series,Jaguar,JN1CV6FE5CM383499,1994,Etty Jenicke,
Grand Prix,Pontiac,1FTNF2A59AE157943,2003,Johnnie Annesley,
LeSabre,Buick,2FMDK4KC3AB127098,1996,Tedman Newlands,"Konopelski, Barton and Sawayn"
Laser,Plymouth,WBA3D3C55EF295267,1992,Skye Itzik,
F250,Ford,JN1BJ0HR3DM661502,2009,Quintin Curtois,
GX,Lexus,WAUAVAFA1AN421061,2006,Vyky Ferrotti,
G,Infiniti,3TMJU4GN4FM603198,2011,Dominica Insoll,Kunze LLC
Envoy,GMC,2T2BK1BA5FC807459,2008,Kerry Gainsboro,
Escort,Ford,JN8AZ1FY3BW000673,2001,Agace Cheyne,
Quest,Nissan,WBADS43491G753954,2002,Randee Keal,
Sedona,Kia,1D7RE3GK0BS329909,2008,Kristoforo Lehr,
E150,Ford,JH4CU2E69AC661681,2006,Roger Denidge,
A8,Audi,2T3BF4DV5AW215861,2010,Doreen Durrance,"Langosh, Turcotte and Greenfelder"
Silhouette,Oldsmobile,KNDJT2A52D7214230,2004,Sherie Eickhoff,Kautzer-Robel
Discovery,Land Rover,2T1BU4EE6BC295557,2001,Riki MacTimpany,
S60,Volvo,1G4GE5EV3AF637945,2009,Aurelea McClifferty,Purdy-Romaguera
Rodeo,Isuzu,3GTXCYEJXAG502257,1995,Daffy Blomefield,
3000GT,Mitsubishi,JH4KC1F54EC704893,1996,Adel Botterman,"Bradtke, Witting and Jakubowski"
ES,Lexus,WAUAT48H04K016039,1989,Annabell Skellern,
Loyale,Subaru,5GNRNHEE6A8806309,1994,Wyatt Reide,Kozey-Smith
207,Peugeot,SCFAB22352K727662,2007,Lucilia Caulcott,
Ram 1500,Dodge,WBANW13598C219001,2003,Waring Lindup,
Biturbo,Maserati,3C63DRLL9CG733344,1984,Siusan Domanek,
Country,Ford,WAULL44E65N250982,1967,Kennedy Sanders,Gerlach and Sons
Freelander,Land Rover,KNDKG3A23A7653968,2002,Shaine Patria,
900,Saab,JN8AF5MR1FT168007,1990,Winfield Morritt,
RAV4,Toyota,WA1DGAFE2DD519615,2003,Lina Pinel,
911,Porsche,1GD21ZCG9DZ933993,1996,Abby Marjoribanks,
Grand Am,Pontiac,WP0CA2A89EK858881,1986,Warde Glancy,Stoltenberg and Sons
Swift,Suzuki,1HGCP2E36CA425231,2004,Tobin Syplus,
Azure,Bentley,19UUA65535A195889,2009,Moina Biagini,
Sportage,Kia,WBAVA37547N521710,1995,Beatrisa Meyrick,
Escalade EXT,Cadillac,3C6TD5MT6CG223055,2012,Allie Lindley,
F450,Ford,1G6AG5RX8E0032380,2012,Lorens Crichton,
Exige,Lotus,KNDKG3A24A7030200,2010,Ulick Madrell,
Starion,Mitsubishi,SCBBR9ZA9DC553560,1987,Ursuline Killingbeck,Blanda Inc
Sonata,Hyundai,SAJWA4EBXEL886103,2001,Carmon Erskine Sandys,
tC,Scion,WAULT58E33A794702,2006,Loutitia Worthy,Koch-Kessler
Ranger,Ford,WAUVT68E24A507267,2007,Thomasin Schulze,
Grand Marquis,Mercury,1D7RW7GP9AS097129,1995,Anabelle Kohnert,
Fox,Volkswagen,JN8AE2KPXF9041272,1993,Odelinda Bestwick,
PT Cruiser,Chrysler,WA1LMBFE8DD176707,2004,Maggie Santon,
Laser,Ford,WBAYA8C55FD852011,1986,Hallsy Couthard,
Taurus,Ford,WAUEV94F87N088980,2006,Eduardo Bunten,
Esprit,Lotus,1G6KD54Y32U442084,2001,Tallulah Hughes,Nicolas LLC
Canyon,GMC,WBA3A5C50EJ490355,2008,Irita Morfey,Mayer Group
Bronco,Ford,WAUSG94F09N050269,1990,Elnora Denizet,Hermann LLC
LX,Lexus,WBADR63472G358566,2004,Missy Pentony,
Freelander,Land Rover,JH4CU2F83CC453864,2001,Cy Northridge,
F150,Ford,1G6DM5E35D0348732,1984,Wylie Lennarde,
Spectra,Kia,SCBGU3ZA9EC869348,2008,Maryellen Leathard,
911,Porsche,3FAHP0KC8AR372585,2008,Bryce Rittmeyer,
Explorer Sport,Ford,YV4940BZ8E1362325,2003,Matthew La Batie,
5000CS Quattro,Audi,1GD312CG9DF992846,1986,Adelina De Freyne,
Tercel,Toyota,3VW517ATXEM371754,1996,Rora Trathan,
Mariner,Mercury,1GYFK23299R508659,2007,Alistair M'Chirrie,
Century,Buick,3C63D3EL0CG314311,1995,Dusty Bumpass,
CLK-Class,Mercedes-Benz,19XFB2E51EE998369,1999,Libby Kelemen,
tC,Scion,2C4RDGCG1CR312657,2013,Denni Emms,Hilll-Howe
CX-9,Mazda,SAJWA0HP7EM966887,2008,Gian Greguol,"Zemlak, Hickle and Wisoky"
XC60,Volvo,1G4HP57MX9U651903,2009,Erie Gamon,
LS,Lexus,5GAKVCKD3EJ359549,2009,Jackelyn Ennals,
Impreza,Subaru,2C3CCAAG7CH799866,2000,Vittoria Vina,
Grand Prix,Pontiac,1G6DX67D290136977,1962,Tamiko Labarre,
Mustang,Ford,1GYS4KEF8ER084412,1967,Harriet Quinnell,
FJ Cruiser,Toyota,SALFR2BG0EH167854,2009,Debora Muttitt,
Windstar,Ford,5TDBY5G19DS457471,2001,Maxy Beddon,
90,Audi,JN8AS5MT1AW596173,1988,Faber Hallard,"Yundt, Zieme and Tremblay"
Lucerne,Buick,1FTSW3B54AE012123,2007,Sax Schiementz,
Exige,Lotus,1GTN1TEH7FZ511728,2011,Fletch Barham,
Taurus,Ford,WA1LMBFE4FD961969,2013,Butch Houtbie,
RDX,Acura,JM1BL1L37C1058469,2007,Brent Ridding,Torp-Collier
E-Series,Ford,1G6DL5ED7B0781591,2001,Ernst Dignan,Fahey LLC
Grand Voyager,Plymouth,WBAYA8C52ED666005,2000,Rik Gotthard.sf,Torp Inc
M-Class,Mercedes-Benz,1GYFC132X9R144811,1999,Ursuline Rosenfelder,
Spectra,Kia,2T1BU4EE0CC315500,2002,Harvey Cato,"Mraz, Schimmel and Kutch"
XJ,Jaguar,1N6AA0CH8EN190706,2011,Alexandros Hightown,
1000,Pontiac,1FTWX3A57AE190205,1986,Floyd Risborough,Borer Inc
Talon,Eagle,JN1CV6EK1CM990488,1996,Joby Huggins,
9-5,Saab,1NXBU4EE8AZ150632,2008,Emelita Lagneaux,
Sentra,Nissan,JN1CV6EK2DM465652,1995,Lorain Dickie,Smitham Group
Grand Prix,Pontiac,2G4WE587X61874472,1997,Agnella Grogor,"Ernser, Hodkiewicz and DuBuque"
HED-5,Hyundai,JN8AZ2KRXDT878903,2012,Ardelis Girardi,Wisoky LLC
G,Infiniti,WAUFFAFL1CN122337,2009,Nikola Kyte,
Cabriolet,Volkswagen,WDDHF5GB5AA056121,1998,Bethena Bosomworth,
Sienna,Toyota,2V4RW3D15AR037830,2005,Regan Sparkwell,
IS,Lexus,KMHHT6KD8BU427902,2003,Beatrice McAllen,
H1,Hummer,5N1AZ2MH2FN604386,1994,Marchall Paradyce,
Rio,Kia,JN8AZ2KR5CT819448,2008,Rianon Fontelles,
Crown Victoria,Ford,1G4HR54K92U059668,2011,Hymie Fronsek,
Montero,Mitsubishi,JH4DB85961S074643,1997,Tynan Trace,
Veloster,Hyundai,WBASP4C57AC857285,2013,Vanya Goadbie,Runte and Sons
650,BMW,5N1AL0MM9EC402335,2006,Inessa Knox,
3500,Ram,1N6AD0CU8EN156205,2012,Vitia Garioch,Stokes and Sons
Navigator,Lincoln,2G4GP5EX4E9455858,2000,Gerrie Fearenside,
Topaz,Mercury,TRUTC28N251538920,1991,Ara Reubbens,"Abshire, Bauch and Ratke"
Sebring,Chrysler,1G4HR54KX5U504715,2001,Harlen Clinch,Klein-Klein
Pathfinder,Nissan,WBAKG1C56BE450952,2002,Murdock Obee,
Z8,BMW,1G6KE54Y74U571266,2002,Lillian Wisker,Orn-Halvorson
Civic,Honda,19XFA1E68BE488795,2002,Jo Castagno,
Fiero,Pontiac,1N6AA0EK9FN292557,1985,Heath Findon,Fadel-Walter
Cougar,Mercury,5UXFE435X9L053454,2000,Gayel Tryme,"Jacobson, Marks and Nitzsche"
M-Class,Mercedes-Benz,1G6DA67V490829155,2002,Serge Faichney,
Silverado 2500,Chevrolet,WBS3U9C52FJ459815,2008,Tiertza Aberdalgy,
Sentra,Nissan,JTHDU1EF7A5150893,2006,Jacenta Rodson,
Cutlass,Oldsmobile,SCFAD01AX8G032233,1998,Edward Busby,
200,Audi,WBAPM7G59AN111614,1990,Giffer Golston,
LeMans,Pontiac,WAUDK78TX9A671778,1992,Karney Davenhill,
Freestar,Ford,3D73Y4HL1BG851899,2003,Agathe Basili,
HHR,Chevrolet,2C3CA5CG9BH843858,2006,Kass Juszczyk,Daugherty and Sons
LTD Crown Victoria,Ford,1G6DM8EV0A0253879,1993,Wain Farndell,
Forester,Subaru,1G6AR5SX9F0425231,2005,Clarabelle Dalling,
Continental,Lincoln,3GYT4NEF6BG185448,2000,Philly Gorries,
Imperial,Chrysler,3G5DB03L36S408342,1993,Nolana Chilver,
9-3,Saab,3C4PDCAB0FT605412,2005,Gertruda Harcase,
207,Peugeot,1G6KD57Y49U296347,2007,Jeff Cavolini,
Rodeo,Isuzu,WDDNG7DB8CA951900,1993,Fernande Zoren,
Suburban 2500,GMC,1G6AT5S3XF0321913,1998,Leeanne Bernollet,
Sonoma,GMC,WAUFGBFC2DN611530,1992,Linn Briztman,
Verona,Suzuki,2HNYD18691H476406,2006,Normy Twiggins,
MR2,Toyota,5N1AR1NB0CC831927,2005,Beryl Paridge,
62,Maybach,3D4PG7FG8BT808662,2010,Liuka Glentworth,
A8,Audi,1D7RB1CP5AS732328,2002,Harlin Starkings,
Celica,Toyota,1G6KF54962U643898,2003,Ettore Gillis,
Suburban 2500,GMC,WBSBL93472J898038,1997,Adelle Simpkins,
Challenger,Mitsubishi,1FTFW1E81AK851420,2001,Dotty Kunze,
California,Ferrari,1G4HJ5EM1BU237905,2009,Aldis Kynan,
Mustang,Ford,WAUMGBFL5AA974012,2012,Erhard Carlos,
Ram Van B250,Dodge,WBAXA5C56ED572123,1993,Billye Penwright,
Park Avenue,Buick,WA1EY74L27D337813,1998,Ramonda Perigo,"Weimann, Hermann and Krajcik"
DeVille,Cadillac,3D7TP2CT8BG082784,1994,Eirena Stonhard,Weimann-Considine
Sonoma,GMC,WAUAF78EX8A242759,1996,Penn Hassewell,
Prius,Toyota,WAUJF98K29N543120,2005,Bernarr Bellew,
Mirage,Mitsubishi,WAUVT68E35A488908,1997,Robinett Beach,
Dakota,Dodge,19UUA56993A064314,1993,Ad Northfield,
SLK-Class,Mercedes-Benz,1HGCP2E88AA735096,1998,Isac O' Loughran,
Camaro,Chevrolet,3GYFNDE33CS900422,2000,Rhianna Aland,"Hayes, Auer and Jerde"
Sprinter 3500,Mercedes-Benz,JM3TB2CV8F0286173,2012,Waiter Meadley,Ruecker-Casper
Insight,Honda,WAULFAFR2AA527151,2000,Berthe Lukovic,"Carroll, Jakubowski and Bosco"
Caravan,Dodge,WBAEW53484P403752,1999,Celestina Jeanesson,
Spyder,Maserati,WBAUN1C50DV487853,2002,Burt Borthram,
Expo,Mitsubishi,WAUPEBFM5DA474481,1992,Lisetta Daymont,
STS,Cadillac,2C3CDZAT5FH996094,2007,Robers Arntzen,Grady LLC
57,Maybach,KMHTC6AD8FU602800,2004,Lonnard Levington,
Astro,Chevrolet,WAUEH98E58A486780,1992,Celestina Daybell,Pagac Inc
Expo,Mitsubishi,1FTWW3A5XAE062446,1994,Celle MacVaugh,"Mante, Corwin and Dare"
SLK-Class,Mercedes-Benz,WA1DGAFP6EA385857,2003,Wolfie Gerardin,
Swift,Suzuki,WBAEW53433P733247,1994,Kris Troker,Zieme-Collins
Yukon XL 1500,GMC,1C4AJWAG1FL553361,2001,Mireielle Almon,
W201,Mercedes-Benz,JHMZF1C67FS252089,1989,Colan Jorgesen,
Alero,Oldsmobile,JHMGE8G26AC297571,2001,Cristionna Dellar,
B-Series Plus,Mazda,WBAKE5C52CJ203059,2003,Tersina Shemilt,
1500,GMC,YV4952CZ2E1245783,1998,Abbot Lamy,
Venture,Chevrolet,19UYA42792A015354,2005,Keene Fereday,
98,Oldsmobile,1GD12ZCG8BF201300,1995,Richy Cardno,Lakin-Brakus
RAV4,Toyota,WAUJC58E82A578396,2012,Kerry Gettone,
CR-Z,Honda,1FMCU4K36CK601415,2012,Kerk Lean,
Continental Mark VII,Lincoln,1B3CB1HA9BD051181,1992,Arly Ickovicz,
F-Series,Ford,WBAGH83481D087934,1993,Sianna Keough,
TL,Acura,2T1BU4EE9DC919435,2003,Christen Gylle,
Quest,Nissan,5UXFG2C59E0126503,1999,Silvie Theyer,
Murciélago,Lamborghini,JH4DC548X5S656772,2007,Angelico Poncet,
Econoline E250,Ford,JN1EY1AP3EM421052,1992,Eadith Honig,
Liberty,Jeep,JN1CV6EK8CM575619,2007,Leroi Karsh,Bechtelar-Williamson
Town Car,Lincoln,SCBFU7ZA5EC566358,1994,Penrod Outlaw,
Escalade EXT,Cadillac,WDDEJ9EB3EA973043,2004,Florrie Ubank,
Suburban,Chevrolet,1VWAH7A3XEC254543,2007,Ricky Gresch,
Durango,Dodge,KNALN4D70E5164689,2006,Whitman De Witt,
Z4,BMW,WAUEH78E47A002570,2004,Tillie Asling,"Lesch, Torphy and Grant"
Sierra 2500,GMC,1FMJK1G54EE673592,2000,Annamaria Tetsall,
Rodeo,Isuzu,WAUSH78E86A773759,1998,Katrinka Jacox,Kuphal-Halvorson
Intrigue,Oldsmobile,5N1AN0NU4BC066971,1999,Rod Joriot,
Insight,Honda,SCBGT3ZA6DC914859,2003,Zebedee Imlach,
Crossfire Roadster,Chrysler,WAUNE78P08A873848,2006,Carina Shelmerdine,
228,Maserati,5J8TB4H37GL206357,1990,Avivah Gravestone,
Viper,Dodge,W06VR54R11R717703,1995,Adda Moraleda,"Schoen, Johnston and Oberbrunner"
Tracer,Mercury,WAUDFAFC3DN659722,1993,Wynn Brumham,Jones-Wintheiser
VUE,Saturn,WBADX1C51CE759738,2009,Zelma Farbrace,
HHR,Chevrolet,2HNYD18273H950997,2007,Angelia Goodricke,
Laser,Plymouth,2G4WD552361913897,1994,Mart Wolfer,"Bosco, Gulgowski and Williamson"
Sierra 2500,GMC,WBAYP1C54ED047153,2004,Carly Sherer,
Loyale,Subaru,ZFBCFABH7EZ420977,1993,Janeva Linskill,
G35,Infiniti,JTEBU5JR0F5838818,2006,Shoshanna Dunseith,
Sonata,Hyundai,WBSBL93454P268101,2013,Bren Cottel,
Ram 1500 Club,Dodge,2G4GT5GVXD9168465,1999,Hildagarde Woodstock,"Wilderman, Labadie and Mitchell"
Yaris,Toyota,JTHDU1EF7A5793809,2011,Cathrine Courtes,
Stratus,Dodge,WAUEF98E47A762435,2000,Menard Sprigin,
Sonoma Club Coupe,GMC,2C3CCAEG2EH784169,1993,Gerri McParland,
850,Volvo,1GYUKHEF2AR799150,1997,Melany Camilleri,Reichert Inc
RAV4,Toyota,TRUWC28N511240210,2007,Zenia Caitlin,Langworth and Sons
V8 Vantage,Aston Martin,WUAUUAFGXEN501037,2010,Joe Smeall,
G-Series 3500,Chevrolet,4JGCB2FE6BA920651,1997,Andie Huskinson,
Sonata,Hyundai,JM1DE1HY2B0708434,2004,Taddeusz Snelgar,
Silverado 2500,Chevrolet,3GYFNKE66BS868594,1999,Penni Cesconi,
Armada,Nissan,WBAYG6C5XFD440038,2007,Sherwynd Chopin,Altenwerth-Bauch
Blazer,Chevrolet,2B3CA7CW2AH115491,1993,Pippy Swynfen,
Escort,Ford,19VDE1F59FE175268,1994,Marena Sloey,"Hahn, Hudson and Gibson"
LeSabre,Buick,2B3CJ7DW0AH476703,1992,Rosemaria Quiddington,Cummerata LLC
Savana 2500,GMC,5N1AN0NW6EN098203,2011,Fiann Tuckwell,Goodwin-Wisoky
riolet,Audi,19XFB4F23DE493092,1994,Sheila-kathryn Philpots,Mayert LLC
G,Infiniti,WBAFU7C50BC284002,2007,Ketty Ninnotti,Walsh Inc
G6,Pontiac,2B3CJ4DG0BH745436,2010,Trenton Gullivan,
LTD,Ford,WAUAF78E48A587236,1984,Lanie Lutman,Hahn Group
Q5,Audi,3C6JD7BP3CG346644,2009,Matias Sima,
Firefly,Pontiac,WBAFR1C57BC774175,1987,Felicio Albinson,
Grand Prix,Pontiac,1FTNF1E89AK790555,1988,Stacy McGeoch,
Tacoma,Toyota,3D7TP2CT0BG131766,1996,Mozes Tomkies,"Stiedemann, Bosco and Runolfsdottir"
Rondo,Kia,SAJWA0EX8E8087508,2007,Morry Duggen,
Celica,Toyota,JTDKTUD33ED587144,1982,Ferris Moller,
SC,Lexus,JN1BJ0HR0FM583098,2010,Hilton Pidduck,
626,Mazda,1FTFW1E85AK128489,2001,Ardelle Larmour,
Amigo,Isuzu,JN1CV6EK3EM357395,1992,Teriann Philipeaux,
911,Porsche,3VWML7AJ5DM494462,2007,Glenn Lismore,
CL,Acura,1FMEU2DE4AU498914,2003,Dasha Roddy,
G-Series G20,Chevrolet,19XFA1E87AE128403,1993,Francene McGroarty,
Challenger,Mitsubishi,JM1NC2PF6E0569011,2000,Prent Murray,
Veracruz,Hyundai,4F2CY0C70AK601056,2008,Miquela Calvie,
Spider,Alfa Romeo,JTDKN3DU9F0972374,1993,Selena Reddie,
Sidekick,Suzuki,19XFA1E8XAE775054,1991,Lyn Roskelley,Zieme-Altenwerth
Tempo,Ford,3C4PDDGG1FT192277,1991,Irena McRorie,
Quattroporte,Maserati,3D7TP2CT9BG096001,2011,Hugues Arnau,
Freelander,Land Rover,5N1AT2ML1FC431560,2010,Eudora Rayman,
Park Avenue,Buick,WA1LYBFE7AD285899,2002,Eunice Vreiberg,
Ram 1500,Dodge,5N1AA0ND3EN340438,1998,Elissa Syder,
M,Infiniti,KMHHU6KJ3FU650843,2011,Inez Schirach,Casper and Sons
Talon,Eagle,YV4902DZXD2741419,1996,Samantha Palfreyman,
CX-5,Mazda,JM1GJ1U50F1659173,2013,Alix Itzik,
Sequoia,Toyota,3C3CFFBR9CT401892,2003,Leigh Limeburn,
Odyssey,Honda,JH4CL95948C244050,2008,Sherline Brumfitt,
Tahoe,Chevrolet,JN1CV6EK5BM563068,2009,Tiebold Sprowle,"Leannon, Stoltenberg and Ferry"
Yukon Denali,GMC,1G6KE54Y45U438112,2006,Tull Bails,Pfannerstill-Pacocha
MPV,Mazda,JTHFF2C21F2939705,2004,Charin Roach,Armstrong Inc
F-Series,Ford,3VWPG3AG1AM791707,1995,Caresse Presdee,
Lancer Evolution,Mitsubishi,YV4952CT6D1336811,2005,Tibold Furlonge,"Bartoletti, Abshire and Johnston"
V40,Volvo,5UXZW0C53CL699753,2003,Jed Heinzler,
SC,Lexus,1FMCU0C76AK122225,1993,Carlin Joll,
Cirrus,Chrysler,WA1WMAFE1DD900728,1997,Rosalyn Matejka,Considine Inc
612 Scaglietti,Ferrari,SCBZB25E02C502805,2010,Marti Wavish,
207,Peugeot,1GD020CG9DZ189134,2006,Waverly Norton,
M5,BMW,19UUA8F20DA834888,1993,Gibb Walton,"Legros, Howe and Steuber"
Grand Voyager,Plymouth,JN8AZ1MU0CW031011,2000,Robbin Gatcliff,
Celica,Toyota,WBAAV53421J761428,2005,Theo Skelding,
62,Maybach,3LN6L2G92DR595453,2006,Peg Quick,"McCullough, Ryan and Grady"
Sonata,Hyundai,1G6DF577380765881,2005,Maurizia Kenset,
Bonneville,Pontiac,SCBLC31E31C330976,2002,Cullan Langstone,
LaCrosse,Buick,KNAFT4A28A5006171,2010,Alina Henker,
New Yorker,Chrysler,WAUPL68E15A263122,1995,Mel Colliber,Nitzsche-Turner
ES,Lexus,WAUDGBFL6AA092007,2007,Idette Parmer,
NSX,Acura,JM1NC2EFXA0334835,1993,Burgess Hurst,
928,Porsche,WBAXA5C56FD262703,1993,Liane Bartolommeo,
Custom Cruiser,Oldsmobile,4T1BF1FK2FU788346,1992,Desmond Blackler,"Zieme, Marks and Howe"
S80,Volvo,WBAWB33538P733821,2012,Cob Malafe,Abshire Inc
Express 3500,Chevrolet,WA1DGAFP6EA894265,2004,Etty Grieswood,
Reatta,Buick,KNADN5A38F6642770,1989,Alden Reck,
Turbo Firefly,Pontiac,SAJWA4FC2EM846955,1990,Joyan Rooson,
Camry Hybrid,Toyota,1N4AB7AP2EN971729,2009,Lucilia Kyle,
G35,Infiniti,1G6AB1RX8F0585166,2003,Harry Capon,
G-Class,Mercedes-Benz,1G6AM5S32D0963035,2004,Fons Barnhart,MacGyver-Rowe
Passat,Volkswagen,YV440MBK0F1218060,1991,Aldis McClarence,"Hudson, Hahn and Tillman"
Avalon,Toyota,5TDDCRFH2ES128819,2004,Linette Espinheira,
Esprit,Lotus,WBAKF3C59DJ512787,1987,Saunder Barrand,
Ram 2500,Dodge,JTEBU4BF4DK666158,2010,Derek Pettko,
Karif,Maserati,19UUA9E52DA854531,1990,Sue Kernocke,Hettinger-Bogan
E-Class,Mercedes-Benz,WAUDF78E28A437171,1993,Mack Baysting,Gottlieb-Kulas
Ridgeline,Honda,WAUHE98P59A338489,2006,Pancho Van Der Walt,
Cobalt,Chevrolet,SCFBF04B68G387483,2005,Gene Glasby,"Davis, Jacobi and Ernser"
Verona,Suzuki,KNADH5A36A6896333,2004,Pauly Ashbee,
Yukon XL 2500,GMC,JN8AF5MR7ET517377,2000,Gnni Fransemai,
4Runner,Toyota,KNAFX5A86F5383331,2009,Elie Kytter,
Navigator,Lincoln,KMHHU6KJ8FU553329,2004,Hollyanne Beniesh,
XL-7,Suzuki,2T1KU4EE4CC932690,2003,Emilio Longdon,
Avalon,Toyota,JN1CV6EK7EM507623,2009,Dalia Foxen,
Escort,Ford,YV4960BZ6A1572166,2000,Joell Edinburough,
Freestyle,Ford,JHMZF1C45DS322474,2005,Nikola Revill,
Discovery,Land Rover,KNDPB3A20B7832202,1998,Alikee Hardy,
LaCrosse,Buick,WA1LGBFE5FD545985,2006,Vasili Duckerin,
Yukon XL 2500,GMC,SCFEBBBK0BG704804,2012,Myles Rabbet,"Bahringer, Williamson and Sipes"
A4,Audi,JN8AZ1FY8CW938895,2011,Herby Noar,
Pajero,Mitsubishi,JTHFE2C27A2561210,1997,Dore Bramich,
Cobalt,Chevrolet,JH4CU2E80DC251910,2005,Bernette Echalier,
100,Audi,WAUCFAFC4DN590888,1990,Raymond Andrieux,
Montana,Pontiac,2B3CJ4DG6BH259052,1999,Dorree Showell,"Kuphal, Reinger and Hessel"
Tacoma Xtra,Toyota,WA1YD64B34N015097,1996,Miof mela Drance,
TrailBlazer,Chevrolet,5UXWX9C54E0921970,2004,Dorita Szymonowicz,
LS Hybrid,Lexus,JM1DE1HY2B0026556,2010,Minor Crole,
Astro,Chevrolet,WAUJC68E15A366398,2000,Biddy Branchflower,
A4,Audi,1FADP3E27DL545700,2002,Elmo Suermeiers,
300,Chrysler,SCBDC4BL5AC932060,2010,Odell Corneille,
300,Chrysler,1G6DL67A090058345,2009,Salaidh Peachman,
Suburban 2500,Chevrolet,1N6BF0KX5FN954933,1999,Mickey Shercliff,
Elantra,Hyundai,WBAWV13529P049419,2010,Lisha Spofforth,
Sierra 1500,GMC,WA1LGAFEXDD101301,2003,Cynthie Caddan,
645,BMW,3VWPG3AG4AM416815,2004,Lilah St. Louis,
Safari,GMC,WBAVT73507F256978,2000,Vita Keep,Koch Group
TundraMax,Toyota,YV4902BZ0D1165431,2008,Nickie Burdas,
A8,Audi,JTEBU4BF7CK250295,2002,Mechelle Antal,
F-Series,Ford,WBAWV53519P666950,2008,Salaidh Jenken,
Camaro,Chevrolet,3D7TT2CT3BG622036,1999,Cathrin Paulich,
Astro,Chevrolet,1FBNE3BL7ED872239,1998,Sergent Yarwood,
SLK-Class,Mercedes-Benz,KMHGH4JH3FU828494,2000,Casandra Bangle,Rempel-Bailey
V70,Volvo,1FTMF1C83AK819370,2008,Deena Kirkham,
Grand Prix,Pontiac,1FTSW3B58AE211983,1978,Yvon Methuen,Bartoletti-Ortiz
Sky,Saturn,WAUDFAFLXCA317190,2007,Mervin Seeger,
Matrix,Toyota,2C3CCAEG2DH365673,2012,Romeo Bainbrigge,
Sorento,Kia,WAUJC68E53A187682,2005,Allsun Challens,
960,Volvo,5GAER23DX9J994431,1995,Elise Boundey,"Sawayn, Gulgowski and McDermott"
EXP,Ford,1G4GG5E34DF902014,1985,Blaire Ternent,
Expedition,Ford,1GYS4FEJ8CR780311,2003,Freddie Boxall,
Suburban 1500,GMC,WAUHFAFL6EA692188,1996,Lorain Edgett,
Countach,Lamborghini,3LN6L2G91FR191787,1990,Elfrida Tenbrug,
RDX,Acura,1GYS3UKJ7FR281449,2010,Orbadiah Scholes,
A6,Audi,SAJWA4DCXCM408619,2012,Ardene Feares,
MPV,Mazda,JN8AZ1MU1CW656405,1994,Gilemette Fleischmann,
V50,Volvo,WAUNG94FX9N592122,2009,Agretha Rowesby,
Continental Mark VII,Lincoln,WAUSH98E76A968702,1989,Juditha Pirdue,
Cube,Nissan,WAUMF98P86A043412,2012,Rory Kennelly,
Mystique,Mercury,WBAFV3C56FD694261,1998,Gratiana Baxstar,
Courier,Ford,WBA3X9C54FD012025,1986,James Theobald,
CR-V,Honda,WAUTFAFH2BN874318,2006,Cal Sirrell,
Truck,Mitsubishi,3D73M3CL6AG801673,1985,Haydon Boness,"Williamson, Watsica and Towne"
Maxima,Nissan,1GYEC63T92R358101,1996,Quintana Rouby,
Ram Van 2500,Dodge,1FTEW1E87AK035467,1995,Berny Ferson,
Tahoe,Chevrolet,WBA3B9C56EF870243,2002,Clarie Ensley,
Elise,Lotus,1D7CE3GKXAS062475,2007,Gretal Middiff,Carroll-Pouros
Dakota,Dodge,JM3ER2A54B0644953,1993,Emory Edmeads,
A8,Audi,1GKS1EEF8BR244188,2010,Beverly Vasilkov,
Amanti,Kia,WBA3D3C53EF836848,2008,Tucker Littell,
Corolla,Toyota,JH4CL95978C386330,1994,Rooney Vautier,
Express 1500,Chevrolet,1J4PN2GK6BW220966,2007,Anallise Antonowicz,
Impreza,Subaru,WAUKFAFL0BN853922,2011,Penelope Gage,
DeVille,Cadillac,WBAEU33422P031798,1995,Kathie Wille,
Passport,Honda,WBAVT73578F578504,1995,Vincents Corradetti,Koelpin Inc
Suburban 2500,Chevrolet,WAUDF98E68A236112,1999,Suzette Bellward,
Neon,Plymouth,WAUMFAFL7AN311689,2000,Amber Etchingham,Ernser Group
IPL G,Infiniti,WBS3R9C58FK227988,2011,Franni Tift,"Kunze, Hackett and Kautzer"
TT,Audi,5TDDK3DC1CS577381,2000,Ayn Ilott,
Malibu,Chevrolet,JN8AZ2KR1DT942097,2006,Lindsey Burwood,Halvorson LLC
9-5,Saab,WVGAV7AXXBW938822,2009,Ryann Killich,Boyle LLC
Dakota,Dodge,1N6AD0CU8EN971312,2007,Brenna Hainey,
LFA,Lexus,WA1AY74LX8D798208,2012,Lonny Northwood,
6000,Pontiac,1G6KD54Y52U552277,1983,Ashly Mcsarry,
C30,Volvo,3GTU1YEJXDG261927,2012,Jeth Meneer,
626,Mazda,ZHWGU6BZ3CL423943,1993,Gladi Fleming,
Cirrus,Chrysler,WAUVT58EX4A279187,1998,Trevar Jarrelt,
Gallardo,Lamborghini,1N4AB7AP0DN490358,2006,Josselyn Penritt,
DeVille,Cadillac,1FTMF1E87AK077388,1996,Garrek Matuszewski,
CR-V,Honda,WBA4B3C54FD731534,2003,Odelia Eastham,Reinger and Sons
GS,Lexus,1G6DX6ED6B0999161,2005,Correy McGurk,
Mirage,Mitsubishi,WBA3G7C59FK613107,1985,Bernadette Chittie,Moore-Kozey
E-Class,Mercedes-Benz,KNADH4A3XB6206949,2001,Wallis Catonnet,
Pilot,Honda,5N1AA0NC6BN308912,2007,Geri Fuzzens,
Yukon,GMC,SCBLF34F55C845088,1999,Caspar Capnerhurst,Towne-Swift
Suburban 2500,Chevrolet,SAJWA4EC8CM500925,1997,Osmund Prestland,
Santa Fe,Hyundai,WAUSH78E48A185179,2010,Sidoney Dadge,
Grand Prix,Pontiac,1C4PJLAB0FW213629,2005,Roanna Casey,
Vanquish S,Aston Martin,JH4KB16627C971111,2006,Leslie Mackney,
Diamante,Mitsubishi,KL4CJDSB9FB185222,2003,Devlin Edeson,
B-Series,Mazda,WBAHL83546D216934,1996,Roselia Ledstone,
TT,Audi,3C3CFFCRXFT025786,2002,Atalanta Preston,
MKX,Lincoln,WBASP2C52BC427475,2007,Astrid Houselee,Swaniawski LLC
Protege5,Mazda,2C3CCAST2CH650700,2002,Ardath Thridgould,Blick Inc
SX4,Suzuki,1FTWX3B52AE899008,2009,Amabelle Rodway,
Sunfire,Pontiac,5UXKR2C54F0458066,2005,Tobe Antonsen,
Celica,Toyota,1GD12ZCGXBF828998,1999,Christabel Marven,
RX-7,Mazda,WDDLJ7DB7EA995060,1983,Bianca Lipsett,
Ram 2500,Dodge,3D4PG6FV7AT307057,2003,Maegan Braine,
LeSabre,Buick,YV1612FH6E2204663,2000,Abbe Duke,
Tracer,Mercury,WAUBFAFL9EA024455,1991,Courtnay Trengrove,
Q5,Audi,5GAKVBED1CJ930328,2011,Ailis Nitti,"Beer, Kassulke and Oberbrunner"
LS,Lexus,1FTEW1CM7EK636755,2011,Codi Gillespie,"Dooley, Rath and Koss"
Tacoma,Toyota,WVWDB7AJ7EW996560,1998,Fredra Oldam,
7 Series,BMW,WAUAF98E07A150487,2010,Sherm Joskovitch,"Crooks, Wisoky and Metz"
S5,Audi,WAUMF98K99A114609,2012,Carolann Muriel,"Langworth, Jones and Schuster"
Blazer,Chevrolet,WAURGAFD6DN510023,2002,Ginger Gregorace,
Phaeton,Volkswagen,5UXFF03599L791655,2005,Arlyne Chestney,Steuber Inc
Precis,Mitsubishi,19UYA42771A733502,1994,Vince Smitham,
Grand Prix,Pontiac,SCBFU7ZA8DC996528,1975,Alida Binding,
Grand Caravan,Dodge,WBAEP33414P445231,2005,Basilio Steger,Beahan Group
Ciera,Oldsmobile,2FMGK5C8XFB400509,1992,Cynthea Cauley,
S5,Audi,1G4HP57248U550417,2011,Way Brokenbrow,
Land Cruiser,Toyota,JTHBE5C29B5351353,1998,Errol Petcher,
164,Alfa Romeo,5UXFH0C58AL197671,1993,Rozamond Watman,
Savana 3500,GMC,WAUHFBFL6CN312729,1996,Flossi Blacker,
Escape,Ford,2G4G05GV3B9808229,2004,Rachelle Nettles,Auer LLC
Suburban 1500,GMC,WDCYC3HF0AX456085,1999,Teodorico Ganniclifft,
MPV,Mazda,1GKS1KE06CR150029,1994,Penelope Beevor,Hamill-Bailey
Sequoia,Toyota,1D7RW3GK8AS023083,2004,Anthea Brokenshaw,
A4,Audi,WUARL48H14K176312,1996,Sissie Skey,
Eos,Volkswagen,1FMJK1F54CE741565,2010,Babb Trynor,
Spectra,Kia,WDDGF4HB9EG616021,2003,Mallorie Salla,Herman-Schumm
Jetta,Volkswagen,KNAGM4ADXF5981801,2011,Mariam Hutchason,
M-Class,Mercedes-Benz,1GYFC23249R416887,2011,Ignacio Michie,
3500,GMC,1N6AF0KYXFN475671,1992,Jessica Pook,
Passat,Volkswagen,3D73Y4HL2BG374187,1990,Babb Vaneschi,
Fit,Honda,3VW4T7AT9EM978458,2009,Noni Halward,"Hills, Kuvalis and Hyatt"
Sienna,Toyota,WBA6A0C5XED419825,2002,Ekaterina Ruppeli,"Bernier, Zieme and Shanahan"
Mariner,Mercury,2HNYD182X2H351932,2005,Violette Woollends,
B-Series Plus,Mazda,WAU3FAFR0DA153272,1993,Bev Kliemchen,
Crown Victoria,Ford,WAUKH98E38A016198,1992,Pietra Volonte,
S70,Volvo,SAJWA0JH0EM807180,2000,Rosetta Pinchbeck,
Civic,Honda,1N6AF0KY3EN224747,2004,Casper Kleuer,
Silverado Hybrid,Chevrolet,1GD020CG4BF216402,2006,Marv Doige,Tremblay and Sons
Envoy XL,GMC,3C4PDDBG7DT013728,2003,Luke Chaudhry,
911,Porsche,WA1AV94L29D061302,1998,Erhard Snozzwell,Daniel Inc
LaCrosse,Buick,1G6KD54Y43U577253,2012,Roxi Parriss,
Elise,Lotus,JH4NA21601T720107,2008,Issy Alyukin,Tillman Inc
350Z,Nissan,WBAPH53579A291063,2005,Morton Brilon,"O'Conner, Lebsack and Ledner"
Grand Voyager,Plymouth,3C3CFFCR3FT914462,1992,Emalia Strudwick,"Bosco, Bode and Runte"
Grand Marquis,Mercury,1FMCU0F76FU970208,1984,Inez Dewane,
Phantom,Rolls-Royce,1G6AM5SX6E0929572,2006,Leonardo Alty,
Land Cruiser,Toyota,3D4PH6FV5AT622274,1995,Andris Iacofo,
Bel Air,Chevrolet,19UUA8F25BA613607,1967,Donny MacLaig,
Grand Am,Pontiac,5J6TF2H59EL668774,2001,Atlanta Jeffcoate,Kunze LLC
Skyhawk,Buick,1FBSS3BL8AD661671,1985,Verla Loakes,
C8 Spyder Wide Body,Spyker,WAUEG94F46N917536,2004,Adelle Pointin,
Mustang,Ford,1G6YV34A655887979,1985,Aurlie Blackaller,
Lanos,Daewoo,WBA3B3C53FF877553,1999,Sabra Tunny,
A4,Audi,YV1672MK9B2129224,2001,Ingeberg Lawfull,Labadie LLC
XT,Subaru,WAUDFAFL9BN512835,1986,Vina Vassar,
Altima,Nissan,1FTEW1CM5CF771948,1996,Goddard Hadcroft,
Corolla,Toyota,WAUSG94F99N938986,2012,Stillman Dadley,
S-Class,Mercedes-Benz,2C3CK3CV6AH687809,2008,Rawley Yandle,Cormier-Grady
Ciera,Oldsmobile,5XXGM4A76DG695918,1996,Chiquia Chatelot,"Abshire, Schulist and Stroman"
S-Series,Saturn,1N4AA5APXEC787626,1993,Ricoriki Aleshkov,Monahan-Connelly
F250,Ford,1FMCU9C77AK001854,2007,Ozzie Vater,"Hackett, Schmitt and Gusikowski"
F-Series,Ford,1N6AF0LY9FN431580,1997,Tobe Lettson,
Kizashi,Suzuki,3GYFNEE3XES743691,2012,Cynthia Carcas,Mayert Group
Phantom,Rolls-Royce,JN1BY1AP4FM688592,2006,Jordan Lindsell,
Grand Marquis,Mercury,1GYS3GKJ3FR631225,1991,Helga Burnsall,Smith Inc
Armada,Nissan,3VW467AT9CM855327,2005,Dag Weightman,
Land Cruiser,Toyota,SCFFDAAM5DG663536,2002,Yovonnda Wastell,
Exige,Lotus,3C3CFFBR4CT341181,2004,Verene Woolcocks,
Mazda3,Mazda,1G4HP54K31U853280,2008,Faustina Raoux,
LX,Lexus,5UXZV4C50CL237743,1997,Georgianna Waszczykowski,Gleichner-Frami
Clubman,MINI,JM1NC2SF5F0608292,2012,Kally Josephsen,
Flex,Ford,WAURD68D22A333042,2009,Rogers Cufflin,
Ram 2500,Dodge,1G6KF54923U571602,2010,Mallorie Sokell,
500SL,Mercedes-Benz,WAUMK98K89A713397,1993,Glennis Huchot,
Sierra 3500,GMC,KMHFG4JG5CA282056,2003,Melisa Jeffryes,
Sequoia,Toyota,1GKS1AE04ER660263,2008,Zak Baudou,"Sawayn, Dibbert and Walter"
F250,Ford,JM1NC2JF4D0940089,2011,Jyoti Bush,"Ledner, Jacobs and VonRueden"
Prelude,Honda,1N6AA0EC9EN536053,2001,Carley Dentith,
Grand Cherokee,Jeep,WAUHFAFL8AA446589,2010,Catha Cottier,
Mighty Max,Mitsubishi,WAUDH74F07N489804,1995,Ricard Caush,
Neon,Dodge,2C3CDXCT1DH842867,1999,Crin Bettanay,Mohr-Rolfson
C70,Volvo,5NPDH4AE3FH699146,2009,Vidovik Jerzak,
Escape,Ford,2G4GN5EX8F9171396,2006,Bev Tabart,
Caravan,Dodge,WAULT68E15A770973,2012,Kit Glide,
CR-X,Honda,JTJHY7AX4B4090987,1984,Kiel Imbrey,
Ranger,Ford,5N1AR2MM3DC667437,2000,Sid Sixsmith,
Town Car,Lincoln,WAUDF58E75A101466,2006,Anna Perrinchief,
Yukon XL 1500,GMC,WA1WMAFE4FD689625,2007,Doll Sommers,
Excel,Hyundai,JTHFF2C20D2016967,1993,Florida Crich,
Diablo,Lamborghini,3N1BC1CP6CK593233,1992,Lauren Merrall,
Frontier,Nissan,JTDKN3DU3A0649320,2000,Neda Baudouin,
Rabbit,Volkswagen,WAUEV94F67N741807,2006,Thacher Kindred,
ES,Lexus,5N1AR2MM5EC328891,1997,Cal Fardy,
Clubman,MINI,WAUDL64F15N521844,2009,Kevina McCaughran,
PT Cruiser,Chrysler,1GYS3HEF7BR569061,2009,Cordy Poynzer,
Firebird,Pontiac,1G6AL5S3XE0533046,1969,Byron Bostock,
E-350 Super Duty,Ford,WP1AA2APXAL626109,2006,Leeland Baack,Reinger Group
Range Rover,Land Rover,1C4AJWAG7EL552651,1989,Dacie Olman,
Sierra 3500,GMC,JTDBT4K30A1124845,2009,Gwynne O'Devey,Kilback LLC
Commander,Jeep,3C3CFFCR2FT659268,2009,Shana MacCathay,Hayes-Rau
DBS,Aston Martin,WAUVC68EX2A852897,2011,Archer Dare,
EX,Infiniti,WBSDX9C52DE966750,2009,Milka Schlagtmans,Denesik-Heathcote
Grand Am,Pontiac,5UXFA93526L069796,2005,Valeria Tureville,
Rodeo,Isuzu,5TDDCRFHXES062701,1996,Lou Dmych,
CTS-V,Cadillac,2C3CCAAG7FH177403,2011,Freda Suddick,
MR2,Toyota,5UXFG83598L395428,1994,John Cheshir,
Diamante,Mitsubishi,2G61N5S39E9210607,1999,Cairistiona Risley,
Avalon,Toyota,1D7RW7GP6AS681021,1997,Ruttger Flaxon,
626,Mazda,1N6AF0KX2EN354185,2002,Madelyn Shay,Mann and Sons
Sedona,Kia,SCFFBCCD2AG363995,2004,Cristy Schechter,
Sierra 3500HD,GMC,4A31K3DT9AE034380,2006,Caryl Herche,Pfannerstill-Gottlieb
Precis,Mitsubishi,1N4AB7APXDN258141,1993,Jacob Calabry,
X5,BMW,WA1DGBFP0DA282860,2003,Silvester Bougourd,
Crosstour,Honda,1N4AA5AP9EC890309,2012,Darill Allison,
Marauder,Mercury,WBA3B1C51EF494357,2003,Sutton Caught,Skiles and Sons
S-Series,Saturn,3D73M3HL0AG169357,1997,Fayth Wallace,
Safari,GMC,JN8AS5MT7BW101587,2000,Barrett Kleinber,Hoppe-Oberbrunner
2500 Club Coupe,GMC,SCBLE47K19C626801,1997,Janot Nardrup,Ledner and Sons
Grand Prix,Pontiac,SALAC2D41CA046996,1994,Lorri Davenhill,
Accord,Honda,WBSPM935X9E749394,1985,Piotr Andriessen,"Lebsack, Sawayn and Dach"
S40,Volvo,JTDKDTB38F1157042,2009,Ally Pinel,Stark and Sons
X3,BMW,WAUHE98P49A010349,2005,Nanete Robilart,
Ram Wagon B250,Dodge,1FTSW3B51AE558846,1994,Emanuel Wedlock,
Dakota,Dodge,WAUEFAFL8FA274462,2002,Alf Hollingby,
Maxima,Nissan,3C3CFFBR7DT320990,1999,Abdul Weekly,
STS,Cadillac,1GD01ZEG7BF833698,2009,Kain Le Blond,Kris and Sons
SC,Lexus,JA32X8HW0DU791042,2009,Sarena Garfoot,Schroeder Group
i-290,Isuzu,1FAHP2DW1AG157107,2008,Catlaina Bridell,
Impala,Chevrolet,WA1AV94L37D537005,1995,Pedro Shippam,
Camaro,Chevrolet,1G6AB1RX8F0662439,1974,Lauren Gippes,
Sonoma Club Coupe,GMC,1FMCU0F7XFU900338,1993,Isis Regglar,
Forenza,Suzuki,WA1VMBFP7EA064879,2005,Laurena Fantham,
NSX,Acura,JTEBU5JR6A5344696,1999,Helenelizabeth Geekie,
Chariot,Mitsubishi,JH4DB75691S483770,1995,Scarlett Wyeld,
Mazda6,Mazda,WAUHFAFL4EA516059,2012,Moina McLernon,
Eurovan,Volkswagen,WBA5A5C54FD282536,1994,Marcellus Ferrierio,
Vandura G1500,GMC,SCFFDAAE8CG211958,1995,Adrea Skim,"Stokes, Grimes and Klocko"
MKX,Lincoln,SALGS2TF5FA353625,2007,Ferguson Rippin,
Rendezvous,Buick,1G4PP5SKXD4084683,2006,Malina McClifferty,
IS,Lexus,5J8TB2H26CA877987,2004,Alverta Mines,
Caliber,Dodge,WDDGF4HB5CF446212,2009,Tandie Mattiacci,
Grand Caravan,Dodge,NM0KS6AN6AT981836,1999,Livvie Valadez,
SJ,Suzuki,2HNYD188X1H237481,1990,Issi Brabant,
STS,Cadillac,1FBNE3BL7BD265236,2007,Quill Hartright,"Waters, Friesen and Brekke"
Clubman,MINI,WAUHFBFL6BN269878,2009,Valene Cleaver,
Savana,GMC,1N4AB7AP1DN358306,2010,Dionysus Mabb,
Diablo,Lamborghini,1G6DG577780879847,1999,Yank Leiden,
Mazda3,Mazda,WAUSGAFCXCN762204,2010,Marcelo Dessent,
rio,Volkswagen,3D73Y4HL0BG632027,1998,Garreth Connor,
Sonoma Club Coupe,GMC,1FBNE3BL3AD409444,1995,Nicolais Waterstone,Waelchi-Moore
Range Rover Sport,Land Rover,1N6AA0EC4FN616166,2007,Roscoe Sollars,
Grand Vitara,Suzuki,KNALN4D77E5114338,2010,Earl Sage,
Interceptor,Jensen,YV1672MS5B2957786,1967,Dickie Clinnick,Waelchi-Dach
DeVille,Cadillac,JN8AZ1MU7DW498640,1992,Maria Tweddell,
Town Car,Lincoln,WVWGU7AN4CE981544,1985,Louis Bottleson,
Cutlass Supreme,Oldsmobile,1G6AE5SX7D0113224,1993,Thomasin Lamplough,
Grand Prix,Pontiac,WBADW3C57DE808358,2002,Lenee Edington,
W201,Mercedes-Benz,3D73M3CL7AG773317,1984,Cale Dodsley,
Corvette,Chevrolet,WBABV13405J136898,1965,Edik Chaulk,Morissette-Heaney
Eurovan,Volkswagen,4T1BD1EB7FU525809,1994,Jacinda Flawith,
New Beetle,Volkswagen,1G6AC5S39F0428869,2010,Consuela Pexton,
Bonneville,Pontiac,KMHHT6KJ0FU431311,1967,Melisenda Sacks,
Tribute,Mazda,WAUWG74F89N441613,2008,Rosalia Islip,
Tacoma,Toyota,1G6DC1E31E0793336,2007,Chance MacGowan,
Camaro,Chevrolet,JN1BJ0HP4FM007867,1980,Albertina Tallant,Bode-Turner
CL-Class,Mercedes-Benz,WBADW7C54CE261944,1998,Sallie Reffe,
Crown Victoria,Ford,WBA5M4C51FD696567,1999,Sigmund Kippins,
E-Series,Ford,1N6AD0CU8AC865500,1990,Melodie Stoeck,Wilderman LLC
Maxima,Nissan,1G6DS57VX90622292,2000,Hazel Haughin,
MR2,Toyota,5NPEB4AC9BH795992,2004,Bryon Graeser,
4Runner,Toyota,WAUHGBFCXDN944552,2005,Catlaina Tolworthy,"Hills, Murazik and Kunde"
Touareg 2,Volkswagen,1GYS3FEJ7DR690751,2008,Dayle Poulston,Grady-Funk
Armada,Nissan,2B3CA3CV1AH308392,2012,Mireielle Gales,
Mustang,Ford,SCFHDDAJ3CA900249,1993,Vasili Washbrook,
TL,Acura,SALFP2BG9FH258340,2006,Neil Grzelczyk,
G,Infiniti,WAUDH74F36N726655,2010,Leanora Battell,"White, Ankunding and Mayert"
EXP,Ford,JHMZF1D69ES979456,1986,Kenn Duddin,Yundt-Veum
Bronco,Ford,3VWC17AU9FM925092,1992,Crosby Touzey,
Stratus,Dodge,1G6DA8E51C0534827,1999,Benni Jervis,"Kirlin, McLaughlin and Block"
Countach,Lamborghini,WAUGGBFC9DN151061,1986,Diane Heimes,Upton-Jacobson
Bel Air,Chevrolet,1N6AD0CU2BC538916,1967,Nathalie Ghidotti,"Vandervort, Homenick and Fisher"
Grand Caravan,Dodge,5UXWX7C50EL083164,1998,Ettie Ertelt,
Malibu,Chevrolet,2HNYD18724H254867,2011,Cally Etherton,
Galant,Mitsubishi,1FTKR1AD4AP959901,1999,Libby Fishe,
Rio,Kia,3GYT4NEF9CG268308,2011,Darb Oxburgh,
Camaro,Chevrolet,KNADH5A39A6538417,1994,Doy Sugarman,"Cormier, Leuschke and Waelchi"
Navigator,Lincoln,WUADNAFG9AN394585,2002,Rebeca Runchman,
GTI,Volkswagen,1N6AA0EC3DN799797,2010,Venus Signorelli,
RSX,Acura,1GTN1TEH3EZ930156,2002,Barrie Warre,Deckow-Mills
Truck,Mitsubishi,1FTEW1C82FF154370,1993,Mireille De Gregorio,
Thunderbird,Ford,WAUJF98K99N167581,1997,Fabian Kynett,Hodkiewicz-Tillman
Exige,Lotus,WA1CKAFP9AA548666,2006,Cecilio Mitchiner,
Cougar,Mercury,4T1BK1EB8FU272425,1988,Teodoro Mayell,Langosh-Greenfelder
F350,Ford,WAUDF48H47A100329,2010,Avie Semour,
Prelude,Honda,1G6DV5EP9A0585168,2000,Nye Guidini,"Marquardt, Doyle and Dickens"
Town & Country,Chrysler,WA1LFAFP9BA124071,1999,Elissa Laidlow,
960,Volvo,WBAVC73558A418781,1995,Benetta Faithfull,
Silverado 2500,Chevrolet,JN8AF5MV9FT466589,1999,Curtice Trase,
Model S,Tesla,KNADH4A3XA6621994,2012,Nomi Flaverty,"Ward, Kutch and Kiehn"
Econoline E150,Ford,WBA3N3C55EF496809,2000,Vlad Walmsley,
GL-Class,Mercedes-Benz,JTDZN3EU5E3595455,2008,Pansy Terran,
LHS,Chrysler,1FBNE3BL6ED721148,2001,Nerissa Kimmins,"Witting, Carter and Weissnat"
Sebring,Chrysler,1G6DK1E3XC0875789,2002,Renee Baline,
Colorado,Chevrolet,1FTEW1CW9AK547801,2012,Tad Kaiser,
Express 1500,Chevrolet,WAUJC68E95A142893,2002,Bertrand Hanner,Balistreri-Upton
Probe,Ford,19UUA75648A573723,1992,Bertina Skeat,
Crown Victoria,Ford,JH4CU2F83CC232393,2005,Darn Tolcher,
E-Series,Ford,1YVHZ8BH0C5094456,1963,Ted Earingey,
Diamante,Mitsubishi,WVGEF9BP0DD936696,2002,Roldan Hold,Cormier Group
Yukon,GMC,WBA3C3C51FK223123,2010,Juana Gomar,
Protege5,Mazda,WA1EFCFS4FR854020,2002,Arley Standbrooke,
Escalade ESV,Cadillac,1GYFC23289R975553,2005,Jessamyn Whitehall,Feeney-Harvey
XK Series,Jaguar,NM0KS9BN0BT065512,1998,Teresita Arnoll,
S8,Audi,5BZBF0AA4EN213591,2008,Hermina Stadden,"O'Kon, Kovacek and Hintz"
Corvette,Chevrolet,WAUKFBFL4AA086166,1994,Minnaminnie De Ruggiero,
Town & Country,Chrysler,2C3CCAJG8EH263544,2006,Valaree Cooling,
Esprit,Lotus,1N6AD0CU1DN828829,1986,Kimberly Lamberteschi,
